Name	Surname	Email
John	Smith	john.smith@corp.com
Jane	Doe	jane.doe@corp.com
Alice	Johnson	alice.johnson@corp.com
Bob	Brown	bob.brown@corp.com
Charlie	Davis	charlie.davis@corp.com
Emily	Miller	emily.miller@corp.com
Frank	Wilson	frank.wilson@corp.com
Grace	Moore	grace.moore@corp.com
Henry	Taylor	henry.taylor@corp.com
Isabella	Anderson	isabella.anderson@corp.com
Jack	Thomas	jack.thomas@corp.com
Katherine	Jackson	katherine.jackson@corp.com
Liam	White	liam.white@corp.com
Mia	Harris	mia.harris@corp.com
Noah	Martin	noah.martin@corp.com
Olivia	Thompson	olivia.thompson@corp.com
Paul	Garcia	paul.garcia@corp.com
Quinn	Martinez	quinn.martinez@corp.com
Ruby	Robinson	ruby.robinson@corp.com
Samuel	Clark	samuel.clark@corp.com
Thomas	Rodriguez	thomas.rodriguez@corp.com
Uma	Lewis	uma.lewis@corp.com
Victor	Lee	victor.lee@corp.com
William	Walker	william.walker@corp.com
Xavier	Hall	xavier.hall@corp.com
Yvonne	Allen	yvonne.allen@corp.com
Zoe	Young	zoe.young@corp.com
Aaron	King	aaron.king@corp.com
Bella	Wright	bella.wright@corp.com
Caleb	Scott	caleb.scott@corp.com
Diana	Torres	diana.torres@corp.com
Elijah	Nguyen	elijah.nguyen@corp.com
Fiona	Hill	fiona.hill@corp.com
Gavin	Flores	gavin.flores@corp.com
Hannah	Green	hannah.green@corp.com
Ian	Adams	ian.adams@corp.com
Jasmine	Nelson	jasmine.nelson@corp.com
Kevin	Baker	kevin.baker@corp.com
Lily	Rivera	lily.rivera@corp.com
Mason	Campbell	mason.campbell@corp.com
Nora	Mitchell	nora.mitchell@corp.com
Owen	Carter	owen.carter@corp.com
Piper	Roberts	piper.roberts@corp.com
Quincy	Gomez	quincy.gomez@corp.com
Riley	Phillips	riley.phillips@corp.com
Sophia	Evans	sophia.evans@corp.com
Tyler	Turner	tyler.turner@corp.com
Ursula	Parker	ursula.parker@corp.com
Vladimir	Edwards	vladimir.edwards@corp.com
Wendy	Collins	wendy.collins@corp.com
Xenia	Stewart	xenia.stewart@corp.com
Yuri	Sanchez	yuri.sanchez@corp.com
Zara	Morris	zara.morris@corp.com
